Year,Rainfall (mm/day),Temperature (°C),Predicted Yield (tonnes/ha)
2026,3.9,19.5,2.2171350000000025
2027,3.8,19.7,2.0976580000000014
2028,3.7,19.9,1.632114999999999
2029,4.0,19.6,2.2174510000000027
2030,3.95,19.4,2.2274150000000024
